category;img_buena
Computers;https://m.media-amazon.com/images/I/41PnIUzyYML._SX300_SY300_QL70_FMwebp_.jpg
Car&Motorbike;"data:image/jpeg;base64,/9j/4AAQSkZJRgABAQAAAQABAAD/2wCEAAkGBxITEhMSEhIQFRIXFRcVFhcSFRUTFRcXFRUYFxcSFxUYHyggGBolGxUVITEhJSorLi4uFx8zODMtNyktLisBCgoKDQwNGw8NGy0fHSIrOCstNzI4Nys3Nys3Ny0rNys4OC0tKy4uKzQrKystOCsuNysrNCsrNy0rKysrKysrK//AABEIAOEA4QMBIgACEQEDEQH/xAAcAAEAAgMBAQEAAAAAAAAAAAAABAcDBQYCAQj/xABCEAABAwIDBAcEBwYFBQAAAAABAAIRAyEEEjEiQVFhBQcTMnGBkQahscEjM0JSctHwFGKCkqLxJGOywuEWF0NTVP/EABUBAQEAAAAAAAAAAAAAAAAAAAAB/8QAFhEBAQEAAAAAAAAAAAAAAAAAABEB/9oADAMBAAIRAxEAPwC8UREBERAREQEREBERAREQEREBERAREQEREBERAREQEREBERAREQEREBERAREQFHxmNpUgDVqMYCYGdwbJ4CdSpCrDrwaezwzhxqA7/uEfAoOi6Q6yOjaRINcvcDBFKm99+EgR71pcV1yYFs5aOLf/AA02j1L/AHaqkv2p83M+N/7LLTcTrHogtav130R3cHVI4uqBsfiAaS3zUU9eWoGAEi4BxBuOI+iv5KuRgAeHLW3hey8u6HbwHGLi/EQbHmEFhu68akAjBU7/AOc6x4HYQ9dtaSP2OlaT9a7d/Cq6fgWidhpnW7787HXmvDmN/wDWzSO9U0/mQWQOu+pAJwTLmBFZ0nj9jw9Vl/73PBynAMkCT/iSAPE9lryVZCm2ZDGgxAgvt4bVvFZGYIHcB6nz1156oLSodd1M3dgaoH7tUOJ5gFgMc1Podc+CPfw+LbzApOHqH38lUrej277/AM3r3tVlZgWfdH68UF14PrT6LqGDWfTP+ZSePe0EBdVgekqNYTSq06gidhwNjvgL894TCsEEMZ45RPrqrD6t6U4ku3im6+p1aIk33oLMREQEREBERAREQEREBERAREQEREBV311UpwtI8KpHqw/krEXEdb1OcCDwqtP9Lh80H59IupeHUeoLrPQQbOis5CjUSpCCLXUGop2IUGogU1OoqDTU9jCIkESJEgiQdD4IJDV6avDSsjUE3DKxerNn0lQ8Kcerh+SrrCqzOrJn1x5MH+r8kHdoiICIiAiIgIiICIiAiIgIiICIiAuT60Kc9H1OTmH+oD5rrFz3WBTno/ED91p9HtKD821hdZKC+YobRSig2VBbXDUKZa3MYJn7Uaco+K1VBSCgk1sJSht9cs7YtJE281GdhsLmIzWAcSc5+zEDu+OkqLXWvqINzSweHcDDw2bMl+8DvEEAxMCLaFbCo5tQNNWpmc2nTaJcBGst2RuXL0gptFWpMTq7AHODTIBslNY2r2xRU/Cq0+rNn0VU8XNHoD+aq3Cq2urhn+GeeNQ+5rfzQdWiIgIiICIiAiIgIiICIiAiIgIiIC1HtcycFiR/lOPoJ+S26hdOU82Grt40qg9WFB+YMaNorxSWfpBu0VgpoNjh1IIUbDlSkETELX1FscQoFQIFJTqKhUlOooM4WRixhZWIJ2FVwdX7IwgPF7j8B8lUGFF1c/sQyMHS55j/AFlBvUREBERAREQEREBERAREQEREBERAXitTDmuadCCD5iF7WPEVgxrnus1rS477ASbeSCjva7q7xdHNUZkq0RvaYeATAzMPyJXCssbwr26c9qadTBVKwLeyhpIBDntBIu6N44Dym00HiHgvMXECD5BBtMO4cQpsWWjwZ2vL5ro+i8pe0EAtLXyCBBjLHxKDXV2qDUCle2BDGt7PYJd9m25ct+0Pyk53zmG/kfyQb+kFOohclTrv++/1K7/omgzJdjSZ3ifigiALJSgmBc8Bc+gUjE02g2DR4ALYdCVA11yBrymyDY+znszicQA6mwBltt5yi4nTvG3JW70PgewospTmyi50kkkn3lcZ7FdNNZQcJaG08rXGps3DYI5RGq7TojpFmIpNrMnK7cRBBBgg+BBQTEREBERAREQEREBERAREQEREBERAWLFtljxxa4eoKyr4Qg/MHSbBmdEtmQcpgHjIGt1qP2BlgMzTxa4j3Le9Lsh7hwOnASQPh7lrBuQecPgHgy2r/M0O99lucBVqU3Nc5tJ8Aj7VOc0cJ4KLQWYaugOzZRczkOsAbvGyCP7QO7cR2TGEXB7V74/pErmz0a+IzNiZ0P63rpK5u2ZzZTpOXdM7vCeagVN0i87pPGJ8vJBrqPRbvvN9CuwwHSjmMyilSn7xLz/StCNHTMfuzmiOV5mdFsKc30iN2s3/AOEGes+q4yakcmsaPeZSk91OXhzy4by7TyAC+Ue62xFhY6i2h5r5iu47w+RQbbBvJAMCTtRfvG5Mm9ydVdXsW2MFR5hx4avcqUw4tF40tqry9lmRhMOLfVtNt8iZ96DaIiICIiAiIgIiICIiAiIgIiICIiAiIg/N3tKyK9du4VXjzD3Anwt7lo10ftqyMbiRee2q+AGezfMEHzK5woJlFenmc4nMMt6YAnTSefzXmgvlRzgamZrWMyWqgjN5jlc/3Qean2QCGjL3d+6PS6g7hGzc2Opuba7ypT3yaZDc7S0/SSLf3UIvkNIiptd4RbXa8hZBkZYPg5D950ETlF7nSIHqpzAMxOWNjv20k28tVri61SAKhtsWHC3xKmtqbTg101Mk9mTs+MxvkBBLw5lrSHZhA2vvW1X3E9zzC+UJytzAB0CQ3QHgF9xGg/EPiEG1onmBcaxe42b8dPNXz0I2MPQHClT/ANAVCsAi4kbzwEHaHP8ANfoLDMhjRwaB6BBlREQEREBERAREQEREBERAREQEREBERB+f+sSnGPxI0Gcn8Rc1rvdPvK5Jy7frSpx0jWtMimfwjstfGZHmFxD0EqiVjlvaVQ0udV7O9NxPZnhEiL2HmV7oL7XLvpM5Ao5NWz2gtc/FBgedqnmdkdkP0TSMptytb5KEdGZvotvugi9zbz1U5h+ryDNTyd952+XO9lBpnZbkJqDOZc83FzJEjdog9VCMtTMezEjbabnS/wAAprydvMAKXZnbadvmLX0kqGwn6TJtunuvOyNNn4lSmkdo/KT2vZ6OzdmOB9fnzQS8EW9mzKSW5RGbWIsTzWWr9j8Y+IXijmyjMQXQJLdJ3xyXp/ep/i+RQbjCNl1Ns3LxA3OsQWnyJ8wF+g1QnQdPNXoNiWmrTB4g9o0tPrfyCvtAREQEREBERAREQEREBERAREQEREBERBSfW8yMdMwDTYfF12geFveFX9RWV1y0z+10yLk0Gi+gAqunzP8AtCrWrqgz0CvAA7SoWNcKvZjadm7M8BPK3v5r7RSrrUDnBzMl6bRti2sgze6DHVIz087j2uU2YTkNrk/r5KHVNqfabLs9hTmJvAPLep1PMOzyQ2nlu105+Q+GqgUO4zsu7mMmpJMSZI5oPdc7FTtLMkQWTmi1z5wPJTXhxD8wDqXZ9xubtDa4UKn/AOXs7PzCS+cswNOUfHhClQM1QgFj+zvVI2PKTFvkgl4QDIyGloyiGnUCNDzWU9+n4n4FY8Odlu0H2G0I2rd6yyN77fAoOn9kmA43C8RUHgRIJb47M/wq9FSvsEwnH4cWIkmN4IZUObziPIq6kBERAREQEREBERAREQEREBERAREQEREFTddtMdph3HQscLaktcHADwknyVW11bfXdTthXCxArCTo0RT2vh5SqjxO9BkolfCNt5DAw5LVjlI8COXy8F8pFeS5pfUGYvOS9ExHlPH5oPjgM1MuBe/IYqNGxpcmDF/molUTk7TbdnsWCwN4J5Qpd5piRTGU/RbJJ8DyUNghrMv0Qzd10SbmRfig91RLamcGo2RDWTmAkcLzPwUwzLxLX7FqWyPU8/moRsKkHsjm75AIJte+4/PjKlPI+kJGRuS9VpGY25CbIJuH7rZaG2GyIhtu7bgsjPrB+E/ELBhnDI2CXDKILtSI1PNZqP1n8PxI/JB3PVqycfTMQQx5n7wyx7i4R5q5FUnVO2cZUMyG0nT+6ZpiBygz4kq20BERAREQEREBERAREQEREBERAREQEREFc9ddP/D0HbhVLfEubYeFr8lS9Y8osLcOSvTrhpzgmG1q7bncC14/481RFU2Gum/XzQZKRXqo522XZW08lntO2OO7xKxUSvQYMznNB7QtjaJyHhyQeQZNMgZxl+tJEi3O9/1vUYXDNKu33rDLrfy/W5SXd5mZxa/Kdhp2Dx3blFgwzN9Gc3dYRB1sYG/VB6mRUiKt+4coAuLX4X9FKa/bqBjyamUbLicg4Gw3qK/uvzSwZhDmHaOkOsN9gpVQE5w8A08tg3NnPEf2QS6ZMDNGaBMaTvjkstDvnwHxKj0QA0ACAAIB3CNFlwx23eXzQWf1QsPb13EXFNoBGhBeSB42n+JWkq26m6dsU6+tMQdxOcn1kHzVkoCIiAiIgIiICIiAiIgIiICIiAiIgIiION622T0bUMTlfTPq8N/3L8+1Xc1+mvbLod2LwdfDsID3tGUu0zMcHgEjQEtieaoH/obpN1U0hgq+aYJOVtPx7QkNI8CUGipOWYunMCZGW7Rrv0IM3W46c9iMfg2dpWofRjV9NwqNb+KLtHMiOa0YdroBGu8a8oQZZNos2NDObdCjN0ETE3zzMX96yEixsbd603j4rATMaOvra2t/kgyMPeykgz9qY3acoWYkAvN2nKJedLTpJ3KM0zIs6+hi2lvLVZ2uuYN4FjoNb/rgglNdpeefzWTCG7vH5BSuguhMRi3lmHpOeRBcbBrQfvONh4araM9helGOIOCqEF3ebUoOHoHygsfqeZ/h6ztZqATvswG/8y79c37AdBVMJhclXL2j3mo4NMhshoDZ3mG38V0iAiIgIiICIiAiIgIiICIiAiIgIiICIiAiIg+PaCCCAQRBBuCDqCFW/THU/hajy/D1qmHBvkDRUpg/ugkFo5TA3QFZKIKbr9S9b7OOpEfvUXNPueVGPUtiv/rw/wDI/wDNXaiCl6fUrX+1jaI8KLnf7wtng+pimI7XGVHDeKdJtP3uc5WqiDX9B9C0MJSFHDsDGC51LnHe5zjdx/Wi2CIgIiICIiAiIgIiICIiAiIgIiICIiAiIgIiICIiAiIgIiICIiAiIgIiICIiAiIgIiICIiAiIg//2Q=="
Electronics;https://m.media-amazon.com/images/I/51hQfTroMzL._SX300_SY300_QL70_FMwebp_.jpg
Home&Kitchen;https://m.media-amazon.com/images/I/41ITfQhGHfL._SX300_SY300_QL70_FMwebp_.jpg
HomeImprovement;https://m.media-amazon.com/images/I/31w-19-3fSL._SY300_SX300_QL70_FMwebp_.jpg
MusicalInstruments;https://m.media-amazon.com/images/I/41UYenF+lnL._SX300_SY300_.jpg
OfficeProducts;https://m.media-amazon.com/images/I/41WggyozHQL._SX300_SY300_QL70_FMwebp_.jpg
Toys&Games;https://m.media-amazon.com/images/I/41rJGx-w9iL._SX300_SY300_QL70_FMwebp_.jpg
Health&PersonalCare;https://m.media-amazon.com/images/I/41csvHnDvES._SX300_SY300_QL70_FMwebp_.jpg
